No,Category,Sub-Category,Guideline,Description,Do,Don't,Code Good,Code Bad,Severity,Rationale,Docs URL
1,Dart Fundamentals,OOP,Use final and const appropriately,Immutability improves performance and predictability,Use final for runtime constants and const for compile-time constants,Use var for everything,final String name = 'Flutter'; const double pi = 3.14;,var name = 'Flutter'; var pi = 3.14;,High,Immutable variables prevent accidental mutation and enable compiler optimizations,https://dart.dev/guides/language/language-tour#final-and-const
2,Dart Fundamentals,OOP,Prefer named constructors,Named constructors make object creation intent clear,Use named constructors for different creation scenarios,Use a single constructor with optional params for all scenarios,Color.fromRGBO(255,0,0,1.0); DateTime.now();,Color(r: 255, g: 0, b: 0, a: 1.0, type: 'RGBO');,Medium,Named constructors self-document their intent and reduce parameter confusion,https://dart.dev/guides/language/language-tour#named-constructors
3,Dart Fundamentals,OOP,Use factory constructors for caching/subtype,Factory constructors allow returning cached instances or subtypes,Use factory for singleton patterns or returning subclasses,Use regular constructors for everything,factory MyClass.create() => _instance ??= MyClass._internal();,MyClass() { /* can't return cached instance */ },Medium,Factory constructors enable patterns impossible with regular constructors,https://dart.dev/guides/language/language-tour#factory-constructors
4,Dart Fundamentals,OOP,Implement copyWith on data classes,Immutable updates via copyWith,Add copyWith method to all data/model classes,Mutate object properties directly,final updated = user.copyWith(name: 'New Name');,user.name = 'New Name';,High,copyWith enables immutable state updates compatible with state management solutions,https://dart.dev/guides/language/records
5,Dart Fundamentals,OOP,Use extension methods to add functionality,Extensions keep class APIs clean,Add helpers via extensions on existing types,Subclass or modify existing classes for utility methods,extension StringX on String { bool get isEmail => contains('@'); },class StringHelper { static bool isEmail(String s) => s.contains('@'); },Medium,Extensions reduce helper class proliferation and improve readability,https://dart.dev/guides/language/extension-methods
6,Dart Fundamentals,Null Safety,Use null-aware operators,Null safety operators prevent NPE,Use ?. ?? ??= for null-safe access,Use ! everywhere or write manual null checks,final city = user?.address?.city ?? 'Unknown';,final city = user != null && user.address != null ? user.address!.city : 'Unknown';,High,Null-aware operators are concise and self-documenting; avoid null pointer exceptions,https://dart.dev/null-safety
7,Dart Fundamentals,Null Safety,Avoid the ! bang operator,Late unwrapping crashes if null,Use conditional logic or null-aware operators instead,Use ! to force unwrap nullable values,final name = user?.name ?? 'Guest';,final name = user!.name;,Critical,The ! operator throws a Null Check Operator used on null value exception at runtime if value is null,https://dart.dev/null-safety/understanding-null-safety
8,Dart Fundamentals,Null Safety,Use late keyword intentionally,late delays initialization,Use late only when value is definitely set before first use,Mark fields late just to avoid initialization,late final String userId; // set in initState,late String data; // might be used before set,High,Misuse of late causes LateInitializationError at runtime; use nullable types or default values instead,https://dart.dev/null-safety/understanding-null-safety#late-variables
9,Dart Fundamentals,Async/Await,Prefer async/await over .then chains,Readability and error handling,Use async/await for sequential async logic,Chain .then() calls for sequential operations,final data = await fetchUser(); final profile = await fetchProfile(data.id);,fetchUser().then((data) => fetchProfile(data.id).then(...));,High,async/await flattens callback pyramids and makes error handling with try/catch natural,https://dart.dev/codelabs/async-await
10,Dart Fundamentals,Async/Await,Always handle async errors,Unhandled futures cause silent failures,Wrap await calls in try/catch or use .catchError,Ignore async errors,try { final data = await api.fetchUser(); } catch (e) { handleError(e); },final data = await api.fetchUser(); // no error handling,Critical,Unhandled exceptions in async code cause app crashes or silent data loss,https://dart.dev/codelabs/async-await
11,Dart Fundamentals,Streams,Use StreamController properly,Stream lifecycle management,Use broadcast streams for multiple listeners; close in dispose,Create streams without closing them,final _controller = StreamController<int>.broadcast(); @override void dispose() { _controller.close(); },final _ctrl = StreamController<int>(); // never closed,High,Unclosed StreamControllers leak memory; broadcast is needed for multiple listeners,https://api.dart.dev/stable/dart-async/StreamController-class.html
12,Dart Fundamentals,Streams,Prefer StreamBuilder over manual listen,Reactive UI from streams,StreamBuilder for stream-driven UI,stream.listen with setState for UI updates,StreamBuilder<User>(stream: userStream, builder: (ctx, snap) => ...),stream.listen((user) => setState(() => _user = user));,Medium,StreamBuilder automatically handles subscription lifecycle and widget rebuilds,https://api.flutter.dev/flutter/widgets/StreamBuilder-class.html
13,Dart Fundamentals,Isolates,Use compute for heavy work,Keep UI thread free,compute(heavyFunction, largeData) for CPU-intensive tasks,Run heavy computation on main isolate,final result = await compute(parseJson, jsonString);,final result = parseJson(jsonString); // blocks UI,High,Heavy computation on the main isolate causes UI jank (dropped frames),https://api.flutter.dev/flutter/foundation/compute-constant.html
14,Dart Fundamentals,Isolates,Use Isolate.spawn for long-running tasks,Background processing,Isolate.spawn or flutter_isolate for persistent background work,compute for persistent background workers,await Isolate.spawn(longRunningTask, port.sendPort);,compute(longRunningTask, data); // respawns each call,Medium,compute creates a new isolate each call; for persistent workers use Isolate.spawn,https://api.dart.dev/stable/dart-isolate/Isolate/spawn.html
15,Dart Fundamentals,Collections,Use collection literals and spread operators,Concise collection creation,List/Set/Map literals with spread for merging,[...list1, ...list2] for merging lists,final all = [...users, ...admins];,final all = List<User>(); all.addAll(users); all.addAll(admins);,Low,Spread operators are concise and idiomatic Dart,https://dart.dev/guides/language/language-tour#spread-operator
16,Dart Fundamentals,Collections,Use where/map/fold for transformations,Functional collection operations,Chain collection methods for transformations,Use for loops for simple collection transformations,final names = users.where((u) => u.active).map((u) => u.name).toList();,final names = []; for (final u in users) { if (u.active) names.add(u.name); },Low,Functional style is concise and composable; for loops are fine for complex logic,https://api.dart.dev/stable/dart-core/Iterable-class.html
17,Dart Fundamentals,Types,Use sealed classes for exhaustive matching,Type-safe state modeling,sealed classes with pattern matching for states,Use dynamic or Object for polymorphism,sealed class Result<T> {} class Success<T> extends Result<T> { final T data; } class Failure<T> extends Result<T> { final String error; },class Result { dynamic data; bool isSuccess = false; },High,Sealed classes enable exhaustive switch matching and eliminate invalid state representations,https://dart.dev/language/class-modifiers#sealed
18,Dart Fundamentals,Types,Avoid dynamic type,Type safety at compile time,Use specific types or generics instead of dynamic,Mark variables/parameters as dynamic,List<String> items = [];,List<dynamic> items = [];,High,dynamic bypasses type checking and causes runtime type errors,https://dart.dev/guides/language/sound-dart
19,Dart Fundamentals,Types,Use typedef for complex function signatures,Readability for function types,typedef for callback signatures,Inline complex function types,typedef OnSuccess<T> = void Function(T data);,void Function(String, int, bool) onComplete;,Low,typedefs name function signatures making code self-documenting,https://dart.dev/guides/language/language-tour#typedefs
20,Dart Fundamentals,Records,Use records for structured return values,Multiple return values without classes,Records for small data bundles from functions,Create classes for small data bundles,(String name, int age) getUserInfo() => ('Alice', 30);,UserInfo getUserInfo() => UserInfo(name: 'Alice', age: 30); // for 2-field return,Low,Records (Dart 3.0+) avoid boilerplate classes for simple structured data,https://dart.dev/language/records
21,Widgets,StatelessWidget,Prefer StatelessWidget for immutable UI,Simpler lifecycle and better performance,Use StatelessWidget when no mutable state is needed,Use StatefulWidget for everything,class ProfileHeader extends StatelessWidget { const ProfileHeader({super.key, required this.user}); },class ProfileHeader extends StatefulWidget { // no State needed },High,StatelessWidgets are immutable and more predictable; Flutter can optimize them better,https://api.flutter.dev/flutter/widgets/StatelessWidget-class.html
22,Widgets,StatefulWidget,Minimize state in StatefulWidget,Keep state close to where it's used,Only store UI-local state in StatefulWidget,Store business data in widget state,class _CounterState extends State<Counter> { int _count = 0; },class _UserPageState extends State<UserPage> { List<User> users = []; // should be in BLoC/Provider },Medium,Business state in widgets creates tight coupling; use state management for shared/business state,https://api.flutter.dev/flutter/widgets/StatefulWidget-class.html
23,Widgets,const,Use const constructors everywhere possible,Compile-time widget creation,const for all widgets with constant children,Omit const for widget constructors,const Text('Hello'); const SizedBox(height: 16); const Icon(Icons.add);,Text('Hello'); SizedBox(height: 16); Icon(Icons.add);,High,const widgets are created once and reused; reduces object creation and GC pressure,https://dart.dev/guides/language/language-tour#constant-constructors
24,Widgets,Keys,Use keys for stateful list items,Preserve widget identity in lists,ValueKey or ObjectKey for list items with state,Omit keys for dynamic stateful lists,ListView.builder(itemBuilder: (ctx, i) => ListTile(key: ValueKey(items[i].id), ...)),ListView.builder(itemBuilder: (ctx, i) => ListTile(...)),High,Without keys Flutter may assign wrong state to rebuilt list items causing visual bugs,https://api.flutter.dev/flutter/foundation/Key-class.html
25,Widgets,Keys,Use GlobalKey sparingly,Performance cost of GlobalKey,Use LocalKey (ValueKey/ObjectKey) for list items,Use GlobalKey for everything needing a key,ValueKey(item.id) for list items,GlobalKey() for each list item,Medium,GlobalKey is expensive; it creates a global map lookup for every widget with it,https://api.flutter.dev/flutter/widgets/GlobalKey-class.html
26,Widgets,Decomposition,Extract widgets into separate classes,Maintainability and rebuild optimization,Class-based extraction over method extraction,Use methods to return widget subtrees,class UserCard extends StatelessWidget { ... },Widget _buildUserCard() { return Card(...); },High,Method-extracted widgets rebuild with parent; class extraction enables const and independent rebuild,https://docs.flutter.dev/perf/best-practices#control-build-cost
27,Widgets,Decomposition,Keep build methods under 50 lines,Readability and testability,Split complex builds into named sub-widgets,500+ line build methods,Column(children: [_buildHeader(), _buildBody(), _buildFooter()]),Column(children: [Row(children: [Text(...), Icon(...)]), Container(child: ListView(...))]),Medium,Long build methods are hard to read, test, and refactor; named widgets are independently testable,https://docs.flutter.dev/perf/best-practices
28,Widgets,Lifecycle,Avoid calling setState in initState,Ordering constraint in Flutter lifecycle,Start async ops in initState but use WidgetsBinding for post-frame,setState in initState directly,WidgetsBinding.instance.addPostFrameCallback((_) => setState(() {}));,@override void initState() { super.initState(); setState(() { _data = 'x'; }); },High,setState during initState causes double builds and may cause errors before first frame,https://api.flutter.dev/flutter/widgets/State/initState.html
29,Widgets,Lifecycle,Always call super in lifecycle methods,Proper mixin cooperation,super.initState(); super.dispose(); super.build(context);,Override lifecycle without calling super,@override void dispose() { _controller.dispose(); super.dispose(); },@override void dispose() { _controller.dispose(); },High,Not calling super breaks mixins and parent widget behavior,https://api.flutter.dev/flutter/widgets/State-class.html
30,Widgets,Performance,Avoid anonymous functions in widget params,Prevents const optimization,Extract callbacks to named methods,Pass anonymous lambdas as event handlers in build,ElevatedButton(onPressed: _handleSubmit),ElevatedButton(onPressed: () { handleSubmit(); }),Low,Named methods prevent new function objects each build; though minimal impact it's good practice,https://docs.flutter.dev/perf/best-practices
31,Layout,Column/Row,Use mainAxisSize.min for shrink-wrap,Avoid unnecessary space occupation,mainAxisSize: MainAxisSize.min for columns/rows that shouldn't expand,Let Column/Row take full available space by default,Column(mainAxisSize: MainAxisSize.min, children: [...]),Column(children: [...]) // expands to max height,Medium,mainAxisSize.min prevents columns from consuming more space than their children need,https://api.flutter.dev/flutter/widgets/Column-class.html
32,Layout,Expanded/Flexible,Understand Expanded vs Flexible,Flex layout control,Flexible for proportional sizing; Expanded for fill remaining,Use Container with fixed widths in flex layouts,Row(children: [Flexible(flex: 2, child: A()), Flexible(flex: 1, child: B())]),Row(children: [Container(width: 200, child: A()), Container(width: 100, child: B())]),Medium,Expanded/Flexible adapts to available space; fixed sizes break on different screen sizes,https://api.flutter.dev/flutter/widgets/Flexible-class.html
33,Layout,Stack,Use Positioned within Stack properly,Absolute positioning,Use Positioned for absolute placement within Stack,Use Stack for all overlapping layouts,Stack(children: [Background(), Positioned(bottom: 16, right: 16, child: FAB())]),Stack(children: [Container(alignment: Alignment.bottomRight, child: FAB())]),Medium,Positioned provides explicit coordinates; alignment works but is less expressive for complex overlays,https://api.flutter.dev/flutter/widgets/Stack-class.html
34,Layout,Responsive,Use MediaQuery for screen dimensions,Adaptive layouts,MediaQuery.of(context).size for breakpoints,Hardcode pixel values for layouts,final isTablet = MediaQuery.of(context).size.width > 600;,final isTablet = true; // hardcoded,High,Hardcoded dimensions break on different screen sizes; MediaQuery adapts to actual device,https://api.flutter.dev/flutter/widgets/MediaQuery-class.html
35,Layout,Responsive,Implement responsive breakpoints,Consistent adaptive behavior,Define breakpoints as constants and use them consistently,Use magic numbers for breakpoints,class Breakpoints { static const double mobile = 600; static const double tablet = 900; },if (width > 600) ...,Medium,Named breakpoints are maintainable and consistent across the app,https://docs.flutter.dev/ui/adaptive-responsive
36,Layout,LayoutBuilder,Use LayoutBuilder for constraint-based layout,Parent constraint awareness,LayoutBuilder when layout depends on parent size not screen size,MediaQuery when parent constraint matters,LayoutBuilder(builder: (ctx, constraints) { return constraints.maxWidth > 600 ? WideLayout() : NarrowLayout(); }),MediaQuery for container-relative sizing,Medium,LayoutBuilder responds to widget constraints not screen size; better for reusable widgets,https://api.flutter.dev/flutter/widgets/LayoutBuilder-class.html
37,Layout,Constraints,Understand Flutter constraint model,Correct layout behavior,Read constraints before fighting them; use UnconstrainedBox carefully,Fight constraints with arbitrary sizes,ConstrainedBox(constraints: BoxConstraints(maxWidth: 600), child: content),SizedBox(width: double.infinity) inside unbounded parent,High,Flutter's constraint model (tight/loose) is fundamental; misunderstanding causes RenderFlex overflow errors,https://docs.flutter.dev/ui/layout/constraints
38,Layout,Spacing,Use SizedBox for spacing,Semantic spacing,SizedBox(width/height) for explicit gaps,Container with only margin/padding for spacing,SizedBox(height: 16),Container(height: 16),Low,SizedBox is lighter than Container and clearly communicates intent: just add space,https://api.flutter.dev/flutter/widgets/SizedBox-class.html
39,Layout,Spacing,Use Padding widget over Container padding,Semantic clarity,Padding(padding: EdgeInsets.all(16), child: ...) for padding only,Container(padding: EdgeInsets.all(16)) when only padding is needed,Padding(padding: EdgeInsets.symmetric(horizontal: 16), child: Text('...')),Container(padding: EdgeInsets.symmetric(horizontal: 16), child: Text('...')),Low,Padding widget is lighter and semantically clearer when no other Container features are needed,https://api.flutter.dev/flutter/widgets/Padding-class.html
40,Layout,Overflow,Handle overflow gracefully,Prevent RenderFlex errors,Use Flexible/Expanded or SingleChildScrollView for variable content,Assume content always fits,SingleChildScrollView(child: Column(children: longContent)),Column(children: longContent) // may overflow,High,Overflow errors are one of the most common Flutter runtime errors and break the UI,https://docs.flutter.dev/ui/layout/constraints
41,Lists & Scroll,ListView,Use ListView.builder for dynamic lists,Lazy list rendering,ListView.builder with itemCount and itemBuilder,ListView(children: items.map(...).toList()) for long lists,ListView.builder(itemCount: items.length, itemBuilder: (ctx, i) => ItemWidget(items[i])),ListView(children: items.map((i) => ItemWidget(i)).toList()),High,ListView.builder lazily creates items saving memory and CPU for long lists,https://api.flutter.dev/flutter/widgets/ListView-class.html
42,Lists & Scroll,ListView,Specify itemExtent for uniform lists,Skip layout calculations,itemExtent when all items have the same height,No itemExtent for uniform height lists,ListView.builder(itemExtent: 72, itemCount: 1000, itemBuilder: ...),ListView.builder(itemCount: 1000, itemBuilder: ...),Medium,Fixed itemExtent skips individual item layout calculation improving scroll performance,https://api.flutter.dev/flutter/widgets/ListView/itemExtent.html
43,Lists & Scroll,Slivers,Use CustomScrollView with Slivers for mixed scroll,Complex scroll effects,CustomScrollView with SliverList/SliverGrid/SliverAppBar,Nested scroll views,CustomScrollView(slivers: [SliverAppBar(...), SliverList(...), SliverGrid(...)]),ListView(children: [AppBar(...), ListView(...)]) // nested scroll,High,Nested scroll views conflict; CustomScrollView with slivers handles complex scroll patterns correctly,https://api.flutter.dev/flutter/widgets/CustomScrollView-class.html
44,Lists & Scroll,Slivers,Use SliverPrototypeExtentList for variable lists,Better performance for similar items,SliverPrototypeExtentList when items have same height as prototype,SliverList for uniform items when prototype is available,SliverPrototypeExtentList(prototypeItem: ListItem(), delegate: ...),SliverList(delegate: SliverChildBuilderDelegate((ctx, i) => ListItem())),Medium,SliverPrototypeExtentList measures once and reuses for all items avoiding per-item measurement,https://api.flutter.dev/flutter/widgets/SliverPrototypeExtentList-class.html
45,Lists & Scroll,Pagination,Implement infinite scroll with scroll controller,Load more pattern,ScrollController with addListener to detect end of list,Load all data at once,_scrollController.addListener(() { if (_scrollController.position.pixels >= _scrollController.position.maxScrollExtent * 0.9) fetchMore(); });,await fetchAll(); // load all records,High,Loading all records at once causes memory issues and slow initial load,https://api.flutter.dev/flutter/widgets/ScrollController-class.html
46,Lists & Scroll,Pagination,Use AutomaticKeepAliveClientMixin for tabs,Preserve scroll position in tabs,Mixin with wantKeepAlive=true for tab content,Let tab content rebuild on switch,class _TabContentState extends State<TabContent> with AutomaticKeepAliveClientMixin { @override bool get wantKeepAlive => true; },class _TabContentState extends State<TabContent> { /* no keepalive */ },Medium,Without keepalive tabs rebuild from scratch on switch causing re-fetching and scroll reset,https://api.flutter.dev/flutter/widgets/AutomaticKeepAliveClientMixin-mixin.html
47,Lists & Scroll,Keys,Use ValueKey for list items with state,Maintain item identity during list changes,ValueKey(item.id) for all stateful list items,No keys for animated/stateful list items,"ListTile(key: ValueKey(item.id), title: Text(item.name))","ListTile(title: Text(item.name)) // Flutter may assign wrong state",High,Keys allow Flutter to match old and new widget trees correctly during list reordering/removal,https://api.flutter.dev/flutter/widgets/ValueKey-class.html
48,Lists & Scroll,GridView,Use GridView.builder for grids,Lazy grid rendering,GridView.builder for dynamic grids,GridView(children: items.map(...).toList()) for large grids,GridView.builder(gridDelegate: SliverGridDelegateWithFixedCrossAxisCount(crossAxisCount: 2), itemCount: items.length, itemBuilder: ...),GridView(children: items.map((i) => GridItem(i)).toList()),High,GridView.builder lazily builds grid cells; GridView(children:[]) builds all at once,https://api.flutter.dev/flutter/widgets/GridView-class.html
49,State Management,setState,Use setState only for local UI state,Correct state scope,setState for purely UI-local state like toggle open/closed or counter,setState for state shared across widgets or business logic,setState(() { _isExpanded = !_isExpanded; }),setState(() { _userList = await api.getUsers(); }),High,setState for shared/business state leads to prop drilling and inconsistent UI,https://api.flutter.dev/flutter/widgets/State/setState.html
50,State Management,Provider,Use Provider for simple shared state,Lightweight state sharing,ChangeNotifierProvider + Consumer for simple app state,setState across widget tree,ChangeNotifierProvider(create: (_) => CartModel(), child: App()),setState(() { cart = newCart; }) in root widget,Medium,Provider eliminates prop drilling and scopes state change notifications to consumers,https://pub.dev/packages/provider
51,State Management,Riverpod,Prefer Riverpod for new projects,Modern state management,Riverpod for new Flutter projects; supports async state natively,Build custom InheritedWidget solutions,@riverpod Future<List<User>> users(UsersRef ref) => ref.watch(userRepositoryProvider).getUsers();,class UserInheritedWidget extends InheritedWidget { /* manual */ },Medium,Riverpod fixes Provider limitations: compile-time safety, no context needed, better testing,https://riverpod.dev/
52,State Management,Riverpod,Use AsyncNotifierProvider for async state,Async state with loading/error,AsyncNotifierProvider for data that comes from async sources,FutureBuilder + setState for async data,class UsersNotifier extends AsyncNotifier<List<User>> { @override Future<List<User>> build() => ref.read(userRepoProvider).getAll(); },class _State extends State { List<User> users = []; @override void initState() { super.initState(); fetchUsers().then((u) => setState(() => users = u)); } },High,AsyncNotifierProvider handles loading/error states automatically and integrates with Riverpod lifecycle,https://riverpod.dev/docs/providers/async_notifier_provider
53,State Management,BLoC,Use BLoC for complex event-driven state,Scalable event-driven architecture,BLoC for screens with complex business logic and multiple events,BLoC for every simple state (overkill),class AuthBloc extends Bloc<AuthEvent, AuthState> { AuthBloc(this._repo) : super(AuthInitial()) { on<LoginRequested>(_onLogin); } Future<void> _onLogin(LoginRequested event, Emitter<AuthState> emit) async { emit(AuthLoading()); try { final user = await _repo.login(event.email, event.password); emit(AuthSuccess(user)); } catch (e) { emit(AuthFailure(e.toString())); } } },class AuthBloc { AuthState state = AuthInitial(); void login(String email, String password) { state = AuthLoading(); /* ... */ } },High,BLoC provides clear separation of events and states with predictable unidirectional data flow,https://bloclibrary.dev/
54,State Management,BLoC,Use Cubit for simple BLoC,Reduced boilerplate for simple state,Cubit when events have 1:1 mapping to state changes,Full BLoC for simple toggle/counter state,class ThemeCubit extends Cubit<ThemeMode> { ThemeCubit() : super(ThemeMode.light); void toggle() => emit(state == ThemeMode.light ? ThemeMode.dark : ThemeMode.light); },class ThemeBloc extends Bloc<ThemeEvent, ThemeMode> { on<ToggleTheme>((e, emit) => emit(state == ThemeMode.light ? ThemeMode.dark : ThemeMode.light)); },Low,Cubit removes the event layer for simple state reducing boilerplate while keeping BLoC benefits,https://bloclibrary.dev/#/coreconcepts?id=cubit
55,State Management,Anti-Patterns,Never modify state outside notifier/bloc,Prevent state mutation bugs,Only modify state inside the state management class,Access and modify state from UI directly,ref.read(userProvider.notifier).updateName(name);,ref.read(userProvider).name = name; // direct mutation,Critical,Direct state mutation bypasses notifications causing UI to not update and state inconsistency,https://riverpod.dev/docs/essentials/side_effects
56,State Management,Anti-Patterns,Avoid business logic in widgets,Separation of concerns,Move business logic to BLoC/ViewModel/Notifier,Complex business logic in build or event handlers,onPressed: () => context.read<OrderBloc>().add(PlaceOrder(items: cart)),onPressed: () async { final total = cart.fold(0.0, (s, i) => s + i.price); if (total > 1000) applyDiscount(); ... },High,Business logic in widgets is untestable and couples UI to business rules tightly,https://bloclibrary.dev/#/architecture
57,State Management,Selection Guide,Choose state management by complexity,Right tool for the right job,setState for local UI; Provider/Riverpod for simple shared; BLoC for complex event-driven,Use the same solution for everything regardless of complexity,// Local: setState // Shared simple: Riverpod StateProvider // Async data: Riverpod AsyncNotifier // Complex: BLoC,// Using BLoC for: ThemeMode toggle,Medium,Overengineering simple state with BLoC adds unnecessary boilerplate; underengineering complex state with setState causes bugs,https://docs.flutter.dev/data-and-backend/state-mgmt/options
58,Architecture,Clean Architecture,Separate code into layers,Enforce dependency rules,presentation / domain / data layers with clear boundaries,Mix UI code with API calls,// domain/repositories/user_repository.dart abstract class UserRepository { Future<User> getUser(String id); } // data/repositories/user_repository_impl.dart class UserRepositoryImpl implements UserRepository { ... },class UserPage extends StatelessWidget { Future<User> getUser() => dio.get('/users/$id'); },Critical,Clean Architecture makes code testable and maintainable by inverting dependencies toward the domain,https://blog.cleancoder.com/uncle-bob/2012/08/13/the-clean-architecture.html
59,Architecture,Clean Architecture,Use cases / interactors for business logic,Single responsibility per use case,One class per use case,Put all business logic in repository,class GetUserUseCase { GetUserUseCase(this._repo); Future<Result<User>> execute(String id) => _repo.getUser(id); },class UserRepository { Future<User> getUser(String id) { /* business logic here */ } },High,Use cases isolate single operations making them independently testable and reusable,https://resocoder.com/flutter-clean-architecture-tdd/
60,Architecture,Clean Architecture,Domain layer has no Flutter dependencies,Pure Dart domain,Domain entities and use cases use only dart:core,Domain depends on flutter/packages,class User { final String id; final String name; User({required this.id, required this.name}); },import 'package:flutter/material.dart'; class User extends Widget { /* wrong */ },Critical,Flutter dependency in domain breaks testability and portability; domain must be pure Dart,https://blog.cleancoder.com/uncle-bob/2012/08/13/the-clean-architecture.html
61,Architecture,MVVM,Use ViewModel to expose UI state,Decouple UI from business logic,ViewModel/Notifier prepares state for UI consumption,Put formatting/UI logic in domain entities,class UserViewModel extends ChangeNotifier { String get displayName => '${user.firstName} ${user.lastName}'; String get formattedBalance => NumberFormat.currency().format(user.balance); },class UserDomainEntity { String get displayName => '$firstName $lastName'; // UI logic in domain },Medium,ViewModels format data for presentation; domain entities are format-agnostic,https://docs.microsoft.com/en-us/azure/architecture/patterns/cqrs
62,Architecture,Dependencies,Inject dependencies; don't create them,Dependency Inversion Principle,Pass dependencies via constructor; use DI container,Create dependencies with 'new' inside classes,class UserRepositoryImpl implements UserRepository { UserRepositoryImpl(this._apiClient, this._db); },class UserRepositoryImpl { final _apiClient = ApiClient(); // hardcoded,High,Constructor injection enables testing with mocks; hardcoded dependencies make testing impossible,https://en.wikipedia.org/wiki/Dependency_inversion_principle
63,Architecture,Modularity,Feature-first folder structure,Scalable project organization,Organize by feature not by layer at top level,Flat or layer-first structure for large apps,lib/features/auth/ lib/features/profile/ lib/features/orders/,lib/screens/ lib/models/ lib/services/ // all mixed,Medium,Feature-first structure allows features to be developed/tested independently and reduces merge conflicts,https://codewithandrea.com/articles/flutter-project-structure/
64,Architecture,Error Handling,Use Result/Either type for recoverable errors,Explicit error handling,Return Result<T> or Either<Failure, T> from repositories,Throw exceptions for expected errors or ignore them,Future<Result<User>> getUser(String id) async { try { return Result.success(await _api.getUser(id)); } on DioException catch (e) { return Result.failure(e.toFailure()); } },Future<User> getUser(String id) => _api.getUser(id); // throws on error,High,Result type forces callers to handle both success and failure paths explicitly,https://pub.dev/packages/fpdart
65,Navigation,GoRouter,Use GoRouter for declarative routing,Modern Flutter routing,go_router package with declarative routes,Navigator.push/pop for complex apps,GoRouter(routes: [GoRoute(path: '/', builder: (ctx, state) => HomePage()), GoRoute(path: '/users/:id', builder: (ctx, state) => UserPage(id: state.pathParameters['id']!))]),Navigator.push(context, MaterialPageRoute(builder: (_) => UserPage(id: id))),High,GoRouter supports deep linking, web URLs, and typed routes; Navigator.push is imperative and untestable,https://pub.dev/packages/go_router
66,Navigation,GoRouter,Use typed routes with go_router,Type-safe navigation,@TypedGoRoute annotation with go_router_builder,String paths with dynamic parameters,@TypedGoRoute<UserRoute>(path: '/users/:id') class UserRoute extends GoRouteData { final String id; },GoRouter(routes: [GoRoute(path: '/users/:id', builder: (ctx, state) => UserPage(id: state.pathParameters['id']!))]),Medium,Typed routes provide compile-time safety; path parameter typos are caught at build time,https://pub.dev/packages/go_router#type-safe-routes
67,Navigation,GoRouter,Handle deep links in GoRouter,Deep link support,Configure initialRoute and linkBuilder for deep linking,Ignore deep link configuration,GoRouter(initialLocation: '/', redirect: (ctx, state) { if (!isLoggedIn && state.location != '/login') return '/login'; return null; }),GoRouter(routes: [...]) // no redirect logic,High,Deep link handling is essential for push notifications and app clips; redirect guards protect routes,https://pub.dev/packages/go_router#redirect
68,Navigation,PopScope,Use PopScope instead of WillPopScope,Android back gesture handling,PopScope for back navigation control,WillPopScope (deprecated),PopScope(canPop: false, onPopInvokedWithResult: (didPop, result) { if (!didPop) { showExitDialog(context); } }, child: Scaffold(...)),WillPopScope(onWillPop: () async => showExitDialog(context), child: Scaffold(...)),High,WillPopScope is deprecated in Flutter 3.12; PopScope supports Android 14+ predictive back gesture,https://api.flutter.dev/flutter/widgets/PopScope-class.html
69,Navigation,Routes,Avoid passing context across async gaps,Prevent mounted errors,Check context.mounted before using after await,Use context after async operations without checking,if (context.mounted) Navigator.of(context).pop();,await doSomething(); Navigator.of(context).pop(); // context may be unmounted,High,Using context after async operations when widget is unmounted causes errors and crashes,https://api.flutter.dev/flutter/widgets/BuildContext/mounted.html
70,Navigation,Nested Navigation,Use ShellRoute for persistent navigation shells,Tab navigation pattern,ShellRoute for bottom navigation with nested routes,Manual tab state management,GoRouter(routes: [ShellRoute(builder: (ctx, state, child) => ScaffoldWithNav(child: child), routes: tabRoutes)]),Manually tracking tab index with PageView,Medium,ShellRoute properly handles nested navigation preserving tab state and back stack,https://pub.dev/packages/go_router#shell-route
71,API & Networking,Dio,Use Dio for HTTP requests,Feature-rich HTTP client,Dio with BaseOptions for base URL and interceptors,http package for complex API interactions,final dio = Dio(BaseOptions(baseUrl: 'https://api.example.com', connectTimeout: Duration(seconds: 10)));,final response = await http.get(Uri.parse('https://api.example.com/users'));,Medium,Dio provides interceptors, retry, cancellation, and form data support built-in,https://pub.dev/packages/dio
72,API & Networking,Dio,Use Dio interceptors for auth and logging,Cross-cutting HTTP concerns,Interceptors for adding auth token and logging,Manual token injection in each request,dio.interceptors.add(InterceptorsWrapper(onRequest: (options, handler) { options.headers['Authorization'] = 'Bearer $token'; handler.next(options); }));,dio.options.headers['Authorization'] = 'Bearer $token'; // repeated everywhere,High,Interceptors centralize cross-cutting concerns; adding token everywhere violates DRY,https://pub.dev/packages/dio#interceptors
73,API & Networking,Repository,Implement Repository pattern for API,Abstract data sources,Repository interface in domain; implementation in data layer,Dio calls directly in widgets or ViewModels,abstract class UserRepository { Future<Result<User>> getUser(String id); } class UserRepositoryImpl implements UserRepository { UserRepositoryImpl(this._dio); @override Future<Result<User>> getUser(String id) async { ... } },class UserPage extends StatelessWidget { Future<void> _load() => dio.get('/users/$id'); },High,Repository pattern abstracts data sources enabling swapping implementations and mocking in tests,https://martinfowler.com/eaaCatalog/repository.html
74,API & Networking,Error Handling,Map DioException to domain failures,Consistent error handling,DioExceptionType mapping to typed failures,Rethrow DioException to UI layer,class ApiException { static Failure fromDio(DioException e) { return switch (e.type) { DioExceptionType.connectionTimeout => NetworkFailure(), DioExceptionType.badResponse => ServerFailure(e.response?.statusCode), _ => UnknownFailure(), }; }; },catch (e) { throw e; } // rethrow raw Dio exception,High,Domain layer should not know about Dio; map to domain failures for decoupling,https://pub.dev/packages/dio#handling-errors
75,API & Networking,Retry,Implement retry logic for transient failures,Resilience,Exponential backoff retry for 5xx and network errors,No retry; fail on first error,dio.interceptors.add(RetryInterceptor(dio: dio, logPrint: print, retries: 3, retryDelays: [Duration(seconds: 1), Duration(seconds: 2), Duration(seconds: 3)]));,// no retry logic,Medium,Transient network failures are common on mobile; retry with backoff improves reliability,https://pub.dev/packages/dio_smart_retry
76,API & Networking,Mapping,Use json_serializable for model mapping,Type-safe JSON parsing,@JsonSerializable with json_serializable package,Manual fromJson/toJson implementations,@JsonSerializable() class User { final String id; final String name; factory User.fromJson(Map<String, dynamic> json) => _$UserFromJson(json); },class User { factory User.fromJson(Map<String, dynamic> j) => User(id: j['id'] as String, name: j['name'] as String); },Medium,json_serializable generates null-safe fromJson/toJson reducing manual errors and boilerplate,https://pub.dev/packages/json_serializable
77,API & Networking,Cancellation,Cancel in-flight requests on dispose,Prevent dangling requests,CancelToken in Dio; cancel on widget dispose,Let requests complete after widget is gone,final _cancelToken = CancelToken(); @override void dispose() { _cancelToken.cancel(); super.dispose(); } // in use: dio.get('/users', cancelToken: _cancelToken),// no cancellation,Medium,Uncancelled requests may complete after widget disposal causing setState on unmounted widget errors,https://pub.dev/packages/dio#cancellation
78,API & Networking,Pagination,Use cursor-based pagination for feeds,Efficient API pagination,Cursor/offset-based pagination with page param,Load all data at once,Future<PageResult<Post>> getPosts({int page = 1, int limit = 20}) => _repo.getPosts(page: page, limit: limit);,Future<List<Post>> getAllPosts() => _repo.getPosts(); // unbounded,High,Unbounded API calls are slow and memory-intensive; pagination provides responsive UX,https://restfulapi.net/rest-api-pagination/
79,Local Storage,Hive,Use Hive for structured local data,Fast NoSQL storage,Hive for complex structured objects that need querying,SharedPreferences for large structured data,final box = await Hive.openBox<User>('users'); await box.put(user.id, user);,SharedPreferences.setString('users', jsonEncode(users));,High,SharedPreferences is for simple key-value; Hive provides typed boxes and better performance for objects,https://pub.dev/packages/hive
80,Local Storage,Hive,Register TypeAdapters before use,Type-safe Hive storage,Register all TypeAdapters in main() before runApp,Register adapters on demand,void main() async { Hive.registerAdapter(UserAdapter()); await Hive.initFlutter(); runApp(App()); },Hive.registerAdapter(UserAdapter()); // inside widget initState,High,TypeAdapters must be registered before opening boxes; late registration causes HiveError,https://docs.hivedb.dev/#/custom-objects/generate_adapter
81,Local Storage,SharedPreferences,Use SharedPreferences for simple settings,Simple key-value persistence,SharedPreferences for user preferences and simple flags,SharedPreferences for large objects or lists,final prefs = await SharedPreferences.getInstance(); await prefs.setBool('darkMode', true);,await prefs.setString('userProfile', jsonEncode(complexObject));,Medium,SharedPreferences has string/bool/int/double APIs; large JSON strings are inefficient,https://pub.dev/packages/shared_preferences
82,Local Storage,SharedPreferences,Abstract SharedPreferences behind interface,Testability,Create a PreferencesService/Repository wrapping SharedPreferences,Use SharedPreferences directly everywhere,abstract class AppPreferences { Future<bool> getDarkMode(); } class AppPreferencesImpl implements AppPreferences { AppPreferencesImpl(this._prefs); @override Future<bool> getDarkMode() async => _prefs.getBool('darkMode') ?? false; },SharedPreferences.getInstance().then((p) => p.getBool('darkMode')),Medium,Abstracting SharedPreferences enables mocking in tests and isolates the storage detail,https://pub.dev/packages/shared_preferences
83,Local Storage,SQLite,Use sqflite with database helper pattern,Structured relational data,sqflite with migration-aware DatabaseHelper class,Raw SQL queries scattered in codebase,class DatabaseHelper { static final _instance = DatabaseHelper._(); factory DatabaseHelper() => _instance; Future<Database> get database async => _db ??= await _initDb(); },sqflite.openDatabase(path).then((db) => db.query('users')); // scattered SQL,High,Helper pattern centralizes schema management and migrations; scattered SQL is hard to maintain,https://pub.dev/packages/sqflite
84,Local Storage,Secure Storage,Use flutter_secure_storage for sensitive data,Secure credential storage,flutter_secure_storage for tokens and passwords,SharedPreferences for tokens/passwords,const storage = FlutterSecureStorage(); await storage.write(key: 'authToken', value: token);,await prefs.setString('authToken', token); // insecure,Critical,SharedPreferences stores unencrypted on disk; flutter_secure_storage uses Keychain/Keystore,https://pub.dev/packages/flutter_secure_storage
85,Local Storage,Drift,Use Drift for type-safe SQLite,Reactive SQL queries,Drift for complex relational queries with reactive streams,Raw sqflite for complex relational apps,@DriftDatabase(tables: [Users, Orders]) class AppDatabase extends _$AppDatabase { Stream<List<User>> watchAllUsers() => select(users).watch(); },Database db = await openDatabase(path); List<Map> users = await db.rawQuery('SELECT * FROM users');,Medium,Drift provides type-safe queries, migrations, and reactive streams over raw sqflite,https://drift.simonbinder.eu/
86,Theming,ThemeData,Use ThemeData.from with ColorScheme,Material 3 theming,ColorScheme.fromSeed for Material 3 theme generation,Hardcode individual colors,ThemeData(colorScheme: ColorScheme.fromSeed(seedColor: Colors.deepPurple), useMaterial3: true),ThemeData(primaryColor: Colors.blue, accentColor: Colors.orange),High,Material 3 ColorScheme provides harmonious color relationships; individual colors break MD3,https://m3.material.io/styles/color/the-color-system/key-colors-tones
87,Theming,ThemeData,Use TextTheme for typography,Consistent text styling,Theme.of(context).textTheme for all text styles,TextStyle(fontSize: 16) inline,Text('Title', style: Theme.of(context).textTheme.headlineMedium),Text('Title', style: TextStyle(fontSize: 24, fontWeight: FontWeight.bold)),High,TextTheme ensures consistent typography scales and responds to accessibility text size settings,https://api.flutter.dev/flutter/material/TextTheme-class.html
88,Theming,Dark Mode,Support dark mode via ThemeData,Respect system preference,MaterialApp with theme + darkTheme + themeMode,Light-only theme,"MaterialApp(theme: lightTheme, darkTheme: darkTheme, themeMode: ThemeMode.system)",MaterialApp(theme: lightTheme) // no dark mode,High,50%+ mobile users use dark mode; not supporting it is a UX failure,https://docs.flutter.dev/cookbook/design/themes
89,Theming,Custom,Create extension on ThemeData for custom tokens,App-specific design tokens,ThemeExtension<T> for custom colors/styles beyond MD3,Separate static constants class for colors,class AppColors extends ThemeExtension<AppColors> { final Color cardBackground; @override ThemeExtension<AppColors> copyWith({Color? cardBackground}) => AppColors(cardBackground: cardBackground ?? this.cardBackground); },class AppColors { static const Color cardBackground = Color(0xFF1E1E1E); },Medium,ThemeExtension integrates custom tokens into ThemeData so they participate in theme switching,https://api.flutter.dev/flutter/material/ThemeExtension-class.html
90,Theming,Platform,Use CupertinoTheme for iOS-specific widgets,Platform-appropriate theming,CupertinoApp or CupertinoTheme for iOS-only apps,Material widgets in iOS apps without adaptation,// For iOS: CupertinoApp(theme: CupertinoThemeData(primaryColor: CupertinoColors.systemBlue)),// Material widgets with iOS-incompatible design,Low,iOS users expect Cupertino design language; Material widgets on iOS look out of place,https://api.flutter.dev/flutter/cupertino/CupertinoThemeData-class.html
91,Typography,Google Fonts,Use google_fonts package,Web font integration,google_fonts package for design consistency,Font files manually bundled,TextStyle style = GoogleFonts.lato(fontSize: 16);,// bundle Lato.ttf manually and reference in pubspec,Medium,google_fonts downloads fonts automatically with caching; manual bundling inflates app size,https://pub.dev/packages/google_fonts
92,Typography,Responsive,Use adaptive font sizes,Accessibility compliance,TextScaler.of(context) for font scaling awareness,Fixed pixel font sizes for all text,Text('Title', style: TextStyle(fontSize: 24 * MediaQuery.textScalerOf(context).scale(1))),Text('Title', style: TextStyle(fontSize: 24)) // ignores accessibility,High,Fixed font sizes ignore system accessibility settings; users with low vision cannot read,https://api.flutter.dev/flutter/widgets/MediaQueryData/textScaler.html
93,Typography,TextTheme,Define full TextTheme in theme,Consistent typography scale,Define all 14 TextTheme slots in app ThemeData,Override only the styles you use leaving others as default,ThemeData(textTheme: TextTheme(displayLarge: GoogleFonts.roboto(fontSize: 57, fontWeight: FontWeight.w400), headlineMedium: GoogleFonts.roboto(fontSize: 28, fontWeight: FontWeight.w400) /* ... */)),ThemeData() // use default text theme entirely,Medium,Defining the full TextTheme ensures consistent typography across the app,https://m3.material.io/styles/typography/type-scale-tokens
94,Typography,Line Height,Set appropriate line heights,Readability,Use height multiplier for proper line spacing,Default line height for body text,Text('...', style: TextStyle(fontSize: 16, height: 1.5)) // 24px line height,Text('...', style: TextStyle(fontSize: 16)) // cramped,Low,Body text at 1.5x line height is significantly more readable than default 1.2x,https://m3.material.io/styles/typography/applying-type
95,Animation,Implicit,Prefer implicit animations for simple transitions,Low-effort animations,AnimatedContainer/AnimatedOpacity/AnimatedSize for property transitions,AnimationController for all animations,AnimatedContainer(duration: Duration(milliseconds: 300), curve: Curves.easeInOut, color: _isSelected ? Colors.blue : Colors.grey),AnimationController + ColorTween for color change,Low,Implicit animations require no controller and auto-animate on value change; less boilerplate,https://docs.flutter.dev/ui/animations/implicit-animations
96,Animation,Explicit,Use TickerProviderStateMixin for controllers,Proper AnimationController setup,SingleTickerProviderStateMixin or TickerProviderStateMixin,Passing Ticker from constructor,class _AnimState extends State<AnimWidget> with SingleTickerProviderStateMixin { late final AnimationController _ctrl = AnimationController(vsync: this, duration: Duration(seconds: 1)); },AnimationController(vsync: Ticker((t) => {})) // manual ticker,High,vsync: this links animation to screen refresh rate preventing off-screen animation CPU waste,https://api.flutter.dev/flutter/animation/AnimationController-class.html
97,Animation,Dispose,Always dispose AnimationControllers,Memory leak prevention,controller.dispose() in dispose(),AnimationController without disposal,@override void dispose() { _animationController.dispose(); super.dispose(); },@override void dispose() { super.dispose(); } // controller leaked,High,Undisposed AnimationControllers continue ticking and consuming CPU/memory after widget removal,https://api.flutter.dev/flutter/animation/AnimationController/dispose.html
98,Animation,Hero,Use Hero for shared element transitions,Smooth navigation transitions,Hero(tag: uniqueTag) around shared elements,Custom shared element animation from scratch,"Hero(tag: 'product-${product.id}', child: ProductImage(product))",// Manual shared element with custom transition,Low,Hero animations are smooth and require minimal code; tag must be unique across the route pair,https://docs.flutter.dev/ui/animations/hero-animations
99,Animation,Rive,Use Rive for complex lottie-style animations,High-fidelity animations,Rive for complex multi-state animations from designers,Implementing complex animations in code,RiveAnimation.asset('assets/animations/logo.riv', fit: BoxFit.cover),// 500 lines of CustomPainter animation code,Medium,Rive enables designer-driven animations without code; Lottie for AE exports are also good options,https://pub.dev/packages/rive
100,Animation,Performance,Wrap animations with RepaintBoundary,Isolate repaint areas,RepaintBoundary around animated widgets,Full-screen repaints during animation,RepaintBoundary(child: AnimatedIcon(icon: AnimatedIcons.play_pause, progress: _animation)),AnimatedIcon(icon: AnimatedIcons.play_pause, progress: _animation) // triggers full repaint,Medium,RepaintBoundary prevents animation from triggering repaint of sibling widgets,https://api.flutter.dev/flutter/widgets/RepaintBoundary-class.html
101,Forms & Validation,Form Widget,Use Form with GlobalKey for validation,Centralized form management,Form(key: _formKey) with TextFormField,Individual TextField with manual validation,Form(key: _formKey, child: Column(children: [TextFormField(validator: (v) => v!.isEmpty ? 'Required' : null)])),TextField(controller: _ctrl, decoration: InputDecoration(errorText: _nameError)),Medium,Form widget centralizes validation; _formKey.currentState!.validate() validates all fields at once,https://api.flutter.dev/flutter/widgets/Form-class.html
102,Forms & Validation,TextFormField,Use TextFormField inside Form,Integrated field validation,TextFormField with validator,TextField inside Form,TextFormField(validator: (v) => v?.isEmpty == true ? 'Field required' : null),TextField(/* inside Form but no validate */),High,TextFormField participates in Form validation; TextField does not and requires manual validation,https://api.flutter.dev/flutter/material/TextFormField-class.html
103,Forms & Validation,Controllers,Dispose TextEditingControllers,Memory management,controller.dispose() in dispose(),TextEditingController without disposal,@override void dispose() { _nameController.dispose(); _emailController.dispose(); super.dispose(); },@override void dispose() { super.dispose(); } // controllers leaked,High,Undisposed controllers continue listening to changes and leak memory,https://api.flutter.dev/flutter/widgets/TextEditingController-class.html
104,Forms & Validation,Validation,Validate on submit not on every change,UX best practice,Trigger validation on form submit; show errors only after first submit,Real-time validation that shows errors while typing,ElevatedButton(onPressed: () { if (_formKey.currentState!.validate()) { _submit(); } }),TextFormField(onChanged: (v) { setState(() { _nameError = v.isEmpty ? 'Required' : null; }); }),Medium,Immediate validation on every keystroke is jarring; validate on submit with autovalidateMode: onUserInteraction,https://api.flutter.dev/flutter/widgets/AutovalidateMode.html
105,Forms & Validation,AutoSave,Use FormField.onSaved for batch save,Clean data extraction,_formKey.currentState!.save() with onSaved callbacks,Read all controllers individually on submit,TextFormField(onSaved: (v) => _email = v!), // then: _formKey.currentState!.save();,final email = _emailController.text; final name = _nameController.text; // manual read,Low,onSaved centralizes data extraction triggered by currentState.save() avoiding repetitive controller reads,https://api.flutter.dev/flutter/widgets/FormField/onSaved.html
106,Forms & Validation,Reactive Forms,Consider reactive_forms for complex forms,Form state management,reactive_forms for forms with complex validation rules and dynamic fields,Manual FormState for simple forms,final form = FormGroup({ 'email': FormControl<String>(validators: [Validators.required, Validators.email]), 'password': FormControl<String>(validators: [Validators.required, Validators.minLength(8)]) });,Form(/* many manual validators */),Low,reactive_forms provides a declarative approach to forms with built-in validators and observability,https://pub.dev/packages/reactive_forms
107,Performance,const,Maximize const widgets,Reduce rebuild cost,Mark every widget const that can be,Non-const for static widgets,const Text('Hello World'); const Padding(padding: EdgeInsets.all(8.0)); const SizedBox.shrink();,Text('Hello World'); Padding(padding: EdgeInsets.all(8.0));,High,const widgets are skipped during rebuild and reuse the same instance reducing Flutter's work,https://docs.flutter.dev/perf/best-practices
108,Performance,RepaintBoundary,Use RepaintBoundary for animation isolation,Reduce paint cost,Wrap frequently changing widgets with RepaintBoundary,Full widget tree repaints,RepaintBoundary(child: LoadingSpinner()),LoadingSpinner() // triggers full repaint of parent on each frame,Medium,RepaintBoundary creates a new layer; only this layer repaints during animation not the whole screen,https://api.flutter.dev/flutter/widgets/RepaintBoundary-class.html
109,Performance,Images,Use cached_network_image,Efficient image loading,cached_network_image for all network images,Image.network without caching,CachedNetworkImage(imageUrl: url, placeholder: (ctx, url) => Shimmer(), errorWidget: (ctx, url, err) => Icon(Icons.error)),Image.network(url) // re-downloads on every rebuild,High,Image.network re-downloads on each rebuild; cached_network_image caches to disk and memory,https://pub.dev/packages/cached_network_image
110,Performance,Images,Resize images before display,Memory efficiency,Specify cacheWidth/cacheHeight or resize on server,Load full-resolution images for thumbnails,Image.network(url, cacheWidth: 200, cacheHeight: 200) // for 200x200 thumbnail,Image.network(url) // loads 4K image for a 50x50 avatar,High,Loading full-resolution images for small displays wastes memory and causes OOM on low-end devices,https://api.flutter.dev/flutter/painting/ResizeImage-class.html
111,Performance,Lazy Loading,Defer expensive widget creation,Improve perceived performance,Lazy/deferred initialization for off-screen content,Eagerly build all content,IndexedStack(index: _currentIndex, children: [if (_loaded[0]) Tab1() else SizedBox(), ...]),IndexedStack(index: _currentIndex, children: [Tab1(), Tab2(), Tab3()]) // all built at once,Medium,IndexedStack builds all children; use conditional loading to defer off-screen tab creation,https://api.flutter.dev/flutter/widgets/IndexedStack-class.html
112,Performance,DevTools,Profile before optimizing,Data-driven optimization,Use Flutter DevTools performance tab to identify bottlenecks,Guess and optimize blindly,// Run: flutter run --profile // Open: http://localhost:9100 in Chrome,// Assume const widgets fix all performance issues without profiling,Medium,Profiling reveals actual bottlenecks; premature optimization wastes time on non-issues,https://docs.flutter.dev/tools/devtools/performance
113,Performance,setState,Call setState with minimal scope,Reduce rebuild area,Wrap only the changed state in setState,Rebuild entire widget for small state changes,setState(() { _counter++; }); // only _counter changes triggers rebuild of this widget,setState(() {}); // empty setState triggers rebuild (used for async side effects),Medium,setState triggers build() which may create many widgets; narrower state management reduces work,https://api.flutter.dev/flutter/widgets/State/setState.html
114,Performance,Isolates,Use isolates for JSON decoding,Prevent UI jank,compute(json.decode, rawString) for large JSON,Decode large JSON on main thread,final data = await compute(json.decode, rawJsonString) as Map<String, dynamic>;,final data = json.decode(rawJsonString) as Map<String, dynamic>; // may block UI,High,JSON decoding of large payloads can take >16ms causing dropped frames; isolate keeps UI smooth,https://api.flutter.dev/flutter/foundation/compute-constant.html
115,Accessibility,Semantics,Add Semantics to custom interactive widgets,Screen reader support,Semantics widget with label and actions,Custom GestureDetector without semantics,Semantics(label: 'Add to cart', button: true, onTap: _addToCart, child: InkWell(onTap: _addToCart, child: Container(...))),GestureDetector(onTap: _addToCart, child: Container(...)) // invisible to screen reader,High,Screen readers need Semantics to describe custom widgets; standard widgets add semantics automatically,https://api.flutter.dev/flutter/widgets/Semantics-class.html
116,Accessibility,Contrast,Ensure sufficient color contrast,Visual accessibility,Minimum 4.5:1 contrast ratio for text,Low-contrast text for design aesthetics,// Use Material 3 ColorScheme which ensures accessible contrast,Text('Low contrast', style: TextStyle(color: Color(0xFFCCCCCC))) on white background,High,WCAG AA requires 4.5:1 for normal text; failing risks legal compliance and excludes users,https://www.w3.org/WAI/WCAG21/Understanding/contrast-minimum
117,Accessibility,Touch Targets,Minimum 48x48dp touch targets,Motor accessibility,Ensure all tappable widgets are at least 48x48dp,Small icon-only buttons without padding,IconButton(icon: Icon(Icons.close)) // 48x48dp by default,SizedBox(width: 20, height: 20, child: GestureDetector(onTap: _close, child: Icon(Icons.close, size: 20))),High,Small touch targets are difficult for users with motor impairments and cause accidental taps,https://m3.material.io/foundations/accessible-design/accessibility-basics
118,Accessibility,Focus,Support keyboard navigation,Keyboard/switch access,FocusOrder and FocusTaversalGroup for logical focus flow,Random focus order,FocusTraversalGroup(policy: OrderedTraversalPolicy(), child: Form(/* fields in logical order */)),// Focus order follows visual layout which may be wrong for RTL or complex layouts,Medium,Users relying on keyboard or switch access depend on logical focus order,https://api.flutter.dev/flutter/widgets/FocusTraversalGroup-class.html
119,Accessibility,Text Scaling,Respect system text scale,Large text support,Test with accessibility settings at 200% font scale,Hardcode all font sizes,// Test: Enable 'Font size' > 'Largest' in phone accessibility settings // Use textTheme for all text,TextStyle(fontSize: 14) // fixed, ignores system font scale,High,15% of users use large text settings; hardcoded sizes break layout and truncate text,https://api.flutter.dev/flutter/material/TextTheme-class.html
120,Accessibility,ExcludeSemantics,Exclude decorative elements from semantics,Clean accessibility tree,ExcludeSemantics or Semantics(excludeSemantics: true) for decorative,All decorative images in accessibility tree,ExcludeSemantics(child: Icon(Icons.star)) // decorative icon,Semantics(label: 'star', child: Icon(Icons.star)) // pollutes accessibility tree,Low,Decorative elements in the accessibility tree create noise for screen reader users,https://api.flutter.dev/flutter/widgets/ExcludeSemantics-class.html
121,Error Handling,Try/Catch,Catch specific exceptions,Precise error handling,Catch specific exception types,Catch Exception and ignore it,try { final user = await _api.getUser(id); } on DioException catch (e) { _handleNetworkError(e); } on FormatException catch (e) { _handleParseError(e); },try { await _api.getUser(id); } catch (e) { print(e); },High,Catching all exceptions hides bugs; specific catches let you handle each error type appropriately,https://dart.dev/guides/language/language-tour#catch
122,Error Handling,Result Type,Use Result/Either for expected failures,Explicit error paths,Return Result<T> from methods that can fail expectedly,Throw exceptions for expected failures,sealed class Result<T> { const Result(); } class Success<T> extends Result<T> { const Success(this.data); final T data; } class Failure<T> extends Result<T> { const Failure(this.error); final String error; },Future<User> getUser(String id) async { throw UserNotFoundException(id); } // caller must know to catch,High,Result type forces callers to handle both paths; throwing for expected failures is anti-pattern,https://pub.dev/packages/fpdart
123,Error Handling,Custom Exceptions,Create typed custom exceptions,Meaningful error information,Custom exception classes extending Exception,Generic Exception with message string,class UserNotFoundException extends AppException { const UserNotFoundException(this.userId); final String userId; @override String toString() => 'User not found: $userId'; },throw Exception('User not found: $id');,Medium,Custom exceptions carry type information enabling specific catch clauses and better debugging,https://dart.dev/guides/language/language-tour#exceptions
124,Error Handling,FlutterError,Handle uncaught Flutter errors globally,Global error reporting,FlutterError.onError and PlatformDispatcher.instance.onError for global handlers,Let uncaught errors crash silently,FlutterError.onError = (details) { FirebaseCrashlytics.instance.recordFlutterFatalError(details); }; PlatformDispatcher.instance.onError = (error, stack) { FirebaseCrashlytics.instance.recordError(error, stack, fatal: true); return true; };,// No global error handler; errors crash app silently,Critical,Without global handlers exceptions are lost; Crashlytics integration requires these hooks,https://docs.flutter.dev/testing/errors
125,Error Handling,ErrorWidget,Customize the error widget in production,User-friendly error display,ErrorWidget.builder for custom production error UI,Default red screen of death in production,void main() { ErrorWidget.builder = (details) => Scaffold(body: Center(child: Text('Something went wrong'))); runApp(App()); },// Default: ErrorWidget shows red screen with stack trace in production,High,The default error widget shows the full stack trace to users in release mode; replace with friendly UI,https://api.flutter.dev/flutter/widgets/ErrorWidget/builder.html
126,Error Handling,Logging,Use structured logging,Debuggable error trails,logging or talker package with log levels,print() statements everywhere,final log = Logger('UserService'); log.severe('Failed to fetch user $id', exception, stackTrace);,print('Error: $e');,Medium,Structured logging enables filtering by level and module; print is stripped in release builds,https://pub.dev/packages/logging
127,Error Handling,Boundaries,Implement error boundaries for widget trees,Graceful UI degradation,Catch rendering errors and show placeholder UI,Crash entire app on rendering error,// Using ErrorBoundary widget from flutter_error_boundary package or custom: Builder(builder: (ctx) { try { return riskyWidget; } catch (e) { return FallbackWidget(); } }),// No error boundary; one widget crash = entire app crash,Medium,Error boundaries prevent cascading failures; isolate faulty features from the rest of the app,https://pub.dev/packages/flutter_error_boundary
128,Dependency Injection,GetIt,Use GetIt as service locator,App-wide dependency management,GetIt.instance.registerSingleton / registerFactory for DI,Create instances with 'new' inside classes,final sl = GetIt.instance; void setupDI() { sl.registerSingleton<Dio>(createDio()); sl.registerFactory<UserRepository>(() => UserRepositoryImpl(sl<Dio>())); sl.registerFactory<GetUserUseCase>(() => GetUserUseCase(sl<UserRepository>())); },class UserPage extends StatelessWidget { final _repo = UserRepositoryImpl(Dio()); // hardcoded,High,GetIt centralizes dependency wiring enabling easy replacement for testing,https://pub.dev/packages/get_it
129,Dependency Injection,Injectable,Use injectable with GetIt,Code-generated DI,@injectable annotations with injectable package for code generation,Manual GetIt registration boilerplate,@injectable class UserRepositoryImpl implements UserRepository { UserRepositoryImpl(this._dio); @override Future<Result<User>> getUser(String id) async { ... } },// Manual: sl.registerFactory<UserRepository>(() => UserRepositoryImpl(sl<Dio>())); // in each module file,Medium,injectable generates GetIt registration code reducing manual wiring and preventing forgotten registrations,https://pub.dev/packages/injectable
130,Dependency Injection,Riverpod,Use Riverpod providers as DI,State + DI in one,Riverpod providers for dependencies in Riverpod projects,Mix GetIt and Riverpod for DI in same project,@riverpod UserRepository userRepository(UserRepositoryRef ref) => UserRepositoryImpl(ref.watch(dioProvider));,// Using both GetIt and Riverpod for DI in same project (confusing),Medium,Riverpod providers compose naturally as DI; consistent DI approach reduces mental overhead,https://riverpod.dev/docs/essentials/combining_requests
131,Dependency Injection,Environment,Use environments for different configs,Multi-environment support,Abstract config behind interface; inject per environment,Hardcode URLs and keys for each env,abstract class AppConfig { String get apiBaseUrl; bool get enableLogging; } class ProdConfig implements AppConfig { @override String get apiBaseUrl => 'https://api.example.com'; },const apiUrl = 'https://api.example.com'; // hardcoded,High,Environment configs enable dev/staging/prod separation; hardcoded values require code changes per env,https://docs.flutter.dev/deployment/flavors
132,Testing,Unit Tests,Write unit tests for use cases and repositories,Business logic verification,dart test with mocks for all use cases and repositories,Skip unit tests,void main() { group('GetUserUseCase', () { late MockUserRepository mockRepo; late GetUserUseCase useCase; setUp(() { mockRepo = MockUserRepository(); useCase = GetUserUseCase(mockRepo); }); test('returns user on success', () async { when(mockRepo.getUser('1')).thenAnswer((_) async => Result.success(mockUser)); final result = await useCase.execute('1'); expect(result, isA<Success<User>>()); }); }); },// No unit tests,High,Unit tests verify business logic in isolation; they run fast and catch regressions early,https://docs.flutter.dev/testing#unit-tests
133,Testing,Widget Tests,Write widget tests for UI components,UI behavior verification,testWidgets for complex interactive widgets,Manual testing only,testWidgets('counter increments on tap', (tester) async { await tester.pumpWidget(MaterialApp(home: CounterWidget())); expect(find.text('0'), findsOneWidget); await tester.tap(find.byIcon(Icons.add)); await tester.pump(); expect(find.text('1'), findsOneWidget); });,// Test by running app and tapping manually,High,Widget tests verify UI behavior without a device; faster and more reliable than manual testing,https://docs.flutter.dev/testing#widget-tests
134,Testing,Mocking,Use mockito or mocktail for mocks,Isolate test dependencies,Generate mocks with @GenerateMocks or use mocktail,Real API calls in tests,@GenerateMocks([UserRepository]) void main() {} // mockito // OR: class MockUserRepository extends Mock implements UserRepository {} // mocktail,void main() { test('fetches user', () async { final repo = UserRepositoryImpl(Dio()); // real Dio - hits network,Critical,Real dependencies in tests are slow, flaky, and require network; mocks provide deterministic results,https://pub.dev/packages/mockito
135,Testing,Integration,Use integration_test for E2E tests,Full app verification,integration_test package for critical user flows,No end-to-end testing,"void main() { IntegrationTestWidgetsFlutterBinding.ensureInitialized(); testWidgets('login flow', (tester) async { app.main(); await tester.pumpAndSettle(); await tester.tap(find.byKey(Key('loginButton'))); await tester.pumpAndSettle(); expect(find.text('Welcome'), findsOneWidget); }); }",// Only unit and widget tests; no E2E coverage,Medium,Integration tests verify the full user journey including navigation and real backend interactions,https://docs.flutter.dev/testing/integration-tests
136,Testing,Golden Tests,Use golden tests for pixel-perfect UI,Visual regression testing,flutter_test golden tests for design-critical components,No visual regression testing,testWidgets('ProfileCard golden', (tester) async { await tester.pumpWidget(MaterialApp(home: ProfileCard(user: testUser))); await expectLater(find.byType(ProfileCard), matchesGoldenFile('profile_card.png')); });,// No golden tests; visual regressions noticed only in code review,Medium,Golden tests catch unintended visual changes; essential for design systems and shared components,https://api.flutter.dev/flutter/flutter_test/matchesGoldenFile.html
137,Testing,Coverage,Maintain 70%+ test coverage,Quality metric,Track coverage with flutter test --coverage,No coverage measurement,flutter test --coverage lcov --report-dir coverage genhtml coverage/lcov.info -o coverage/html,// No coverage tracking,Medium,Coverage below 70% means large areas of code are never tested and may have silent bugs,https://docs.flutter.dev/testing#other-testing-resources
138,Testing,BLoC,Test BLoC with bloc_test,State machine verification,bloc_test package for BLoC/Cubit testing,Widget tests for BLoC logic,blocTest<LoginBloc, LoginState>('emits [loading, success] when login succeeds', build: () => LoginBloc(mockRepo), act: (bloc) => bloc.add(LoginRequested(email: 'a@b.com', password: '123')), expect: () => [isA<LoginLoading>(), isA<LoginSuccess>()]);,testWidgets('login widget test', (tester) async { /* tests BLoC through UI */ }),High,bloc_test provides declarative BLoC testing without widget overhead; faster and more targeted,https://pub.dev/packages/bloc_test
139,CI/CD,GitHub Actions,Automate build and test on PR,Continuous integration,GitHub Actions workflow for analyze/test/build,Manual build and test,name: CI on: [push, pull_request] jobs: test: runs-on: ubuntu-latest steps: - uses: actions/checkout@v4 - uses: subosito/flutter-action@v2 - run: flutter pub get - run: flutter analyze - run: flutter test,// No CI; manual flutter test before push,High,CI catches issues before merge; running tests manually is error-prone and skipped under pressure,https://docs.flutter.dev/deployment/cd
140,CI/CD,Flavors,Use build flavors for environments,Environment separation,flutter flavor configuration for dev/staging/prod,Build flags via --dart-define only,flutter build apk --flavor production -t lib/main_production.dart,flutter build apk --dart-define=ENV=production // limited,High,Flavors allow separate app IDs, icons, and configurations per environment,https://docs.flutter.dev/deployment/flavors
141,CI/CD,Signing,Automate app signing,Reproducible signed builds,Keystore in CI secrets; Fastlane match for iOS,Manual signing each release,// Android: echo $KEYSTORE_BASE64 | base64 -d > keystore.jks flutter build apk --release --keystore=keystore.jks // iOS: fastlane match appstore --readonly,// Manual: flutter build ios then Xcode signing,Critical,Manual signing is error-prone and blocks release; automated signing enables CD pipeline,https://docs.flutter.dev/deployment/android#signing-the-app
142,CI/CD,Fastlane,Use Fastlane for store deployment,Automated store upload,Fastlane lanes for Play Store and App Store upload,Manual upload via browser,lane :deploy_android do gradle(task: 'bundle', build_type: 'Release') upload_to_play_store(track: 'internal') end,// Upload AAB manually via Google Play Console each time,High,Manual upload is slow and error-prone; Fastlane automates versioning, uploading, and metadata,https://fastlane.tools/
143,CI/CD,Versioning,Automate version bumping,Consistent versioning,Auto-increment build number from CI run number,Manually bump pubspec.yaml version,flutter build apk --build-number=$GITHUB_RUN_NUMBER --build-name=1.2.$GITHUB_RUN_NUMBER,// Manually change version: 1.2.3+45 in pubspec.yaml,Medium,Manual version bumping causes conflicts and forgotten bumps; CI run number ensures uniqueness,https://docs.flutter.dev/deployment/android#build-and-release-an-android-app
144,CI/CD,Code Coverage,Enforce coverage thresholds in CI,Prevent coverage regression,Fail CI if coverage drops below threshold,No coverage enforcement,// In CI: flutter test --coverage lcov --list-modified-files coverage/lcov.info | head -1 | awk '{if ($1+0 < 70) exit 1}',// No coverage check in CI,Medium,Without CI enforcement coverage silently degrades over time,https://docs.flutter.dev/testing
145,Code Quality,Naming,Use lowerCamelCase for variables and methods,Dart naming conventions,lowerCamelCase for variables, methods, parameters,snake_case or UPPER_CASE for variables,int userCount = 0; void fetchUserData() {},int user_count = 0; void FetchUserData() {},High,Dart style guide requires lowerCamelCase; violations cause lint warnings and inconsistency,https://dart.dev/guides/language/effective-dart/style
146,Code Quality,Naming,Use UpperCamelCase for classes and enums,Dart naming conventions,UpperCamelCase for classes, enums, typedefs, type parameters,lowercase or snake_case for class names,class UserRepository {} enum ConnectionState { connected, disconnected },class user_repository {} enum connectionState { connected },High,Dart style guide requires UpperCamelCase for types; violations cause lint warnings,https://dart.dev/guides/language/effective-dart/style
147,Code Quality,Naming,Use lowercase_with_underscores for files,Dart file naming conventions,snake_case for all file names,camelCase or PascalCase file names,user_repository.dart, home_page.dart,UserRepository.dart, HomePage.dart,Medium,Dart convention and pub package requirements use snake_case for file names; case sensitivity issues on Linux,https://dart.dev/guides/language/effective-dart/style
148,Code Quality,Linting,Use flutter_lints or very_good_analysis,Code quality enforcement,Enable lint package in analysis_options.yaml,No lint rules,include: package:very_good_analysis/analysis_options.yaml # or flutter_lints,# No analysis_options.yaml or empty rules,High,Linting catches common bugs and style issues automatically; very_good_analysis is more comprehensive,https://pub.dev/packages/very_good_analysis
149,Code Quality,Documentation,Document public APIs,Code readability,/// triple-slash doc comments for public classes and methods,No documentation or // single-line for public API,/// Fetches a user by [id]. /// Throws [UserNotFoundException] if the user is not found. Future<User> getUser(String id) async { ... },// Gets user Future<User> getUser(String id) async { ... },Medium,Dart doc comments are shown in IDE tooltips and generated by dart doc; they document intent,https://dart.dev/guides/language/effective-dart/documentation
150,Code Quality,Formatting,Use dart format consistently,Consistent code style,dart format . in CI; format on save in IDE,Manual formatting or no formatting,dart format . // in CI: dart format --set-exit-if-changed .,// Manually indent code,High,Consistent formatting reduces diff noise in PRs and eliminates style debates,https://dart.dev/tools/dart-format
151,Code Quality,Unused Code,Remove unused imports and variables,Code cleanliness,dart analyze catches unused code; remove before committing,Leave unused imports and dead code,dart analyze --fatal-infos . // fails on unused imports,// Ignore analyzer warnings,Medium,Unused code is confusing and increases cognitive load; analyzer catches most of it automatically,https://dart.dev/tools/dart-analyze
152,Code Quality,Magic Numbers,Replace magic numbers with named constants,Code readability,Named constants or enums for all magic numbers,Inline numeric literals for business values,const int maxRetries = 3; const double standardPadding = 16.0;,if (retryCount > 3) { ... } Padding(padding: EdgeInsets.all(16.0)),Medium,Magic numbers have no self-documenting value; named constants explain what the value means,https://dart.dev/guides/language/effective-dart/design
153,Platform,Platform Checks,Use Platform class for native platform checks,Conditional platform code,Platform.isIOS / Platform.isAndroid for non-web code,kIsWeb equivalent for all platforms,if (Platform.isIOS) { return CupertinoButton(onPressed: onPressed, child: child); } else { return ElevatedButton(onPressed: onPressed, child: child); },// Assume Android behavior on all platforms,Medium,Platform-specific behavior improves UX; Material on iOS or Cupertino on Android looks wrong,https://api.dart.dev/stable/dart-io/Platform-class.html
154,Platform,Web,Use kIsWeb for web platform checks,Web platform detection,kIsWeb for web-specific code paths,Platform.isIOS/isAndroid (throws on web),if (kIsWeb) { return HtmlElementView(viewType: 'map-view'); } else { return GoogleMap(...); },if (Platform.isAndroid || Platform.isIOS) { return GoogleMap(...); } else { /* web case missing */ },High,Platform.isIOS/isAndroid throws on web; kIsWeb is the only safe way to check web platform,https://api.flutter.dev/flutter/foundation/kIsWeb-constant.html
155,Platform,Adaptive,Use adaptive constructors,Platform-adaptive widgets,Switch.adaptive(), Slider.adaptive(), AlertDialog.adaptive() for native look,Only Material or only Cupertino widgets,"showAdaptiveDialog(context: context, builder: (ctx) => AlertDialog.adaptive(title: Text('Confirm')))",showDialog(context: context, builder: (ctx) => AlertDialog(title: Text('Confirm'))) // always Material,Low,Adaptive widgets automatically use Cupertino on iOS and Material on Android,https://api.flutter.dev/flutter/material/AlertDialog/AlertDialog.adaptive.html
156,Platform,Channels,Use platform channels for native features,Native API integration,MethodChannel for calling native iOS/Android code,Flutter package when native channel is needed,const channel = MethodChannel('com.example/battery'); final batteryLevel = await channel.invokeMethod<int>('getBatteryLevel');,// Reimplementing native APIs in Dart (impossible for some),High,Some device features (Bluetooth, NFC, biometrics) require platform channels or plugins,https://docs.flutter.dev/platform-integration/platform-channels
157,Platform,FFI,Use dart:ffi for performance-critical native code,Native code integration,dart:ffi for C/C++ library integration needing performance,Platform channels for all native calls,"final dylib = DynamicLibrary.open('libcompute.so'); final compute = dylib.lookupFunction<..., ...>('compute');",// Platform channel for high-frequency native calls (high overhead),Low,Platform channels have overhead per call; FFI has near-zero overhead for performance-critical code,https://dart.dev/guides/libraries/c-interop
158,Platform,Responsive,Implement platform-specific padding,Safe area handling,SafeArea and MediaQuery.padding for system UI avoidance,Hardcode top/bottom padding,SafeArea(child: Scaffold(body: content)),Padding(padding: EdgeInsets.only(top: 44), child: content) // iOS specific,High,Device notches and home indicators vary; SafeArea adapts to each device automatically,https://api.flutter.dev/flutter/widgets/SafeArea-class.html
159,Packages,Quality,Check pub points before adding package,Package quality assessment,100+ pub points; maintained within last 6 months; null-safe,Low pub points packages or unmaintained,// Check: https://pub.dev/packages/package_name for pub points, likes, popularity,// Add package with 30 pub points and last update 2 years ago,High,Low-quality packages introduce bugs, security issues, and abandonment risk,https://pub.dev/help/scoring
160,Packages,Versions,Pin package versions with ^ constraint,Dependency management,Use ^ (caret) for compatible updates; pin exact for critical,Float all versions or pin exact for all,dio: ^5.4.0 # compatible minor/patch updates,dio: # no constraint or dio: 5.4.0 # too strict,Medium,Caret allows security patches while preventing breaking changes; no constraint leads to unpredictable builds,https://dart.dev/tools/pub/dependencies#version-constraints
161,Packages,Audit,Run dart pub audit regularly,Security vulnerability detection,dart pub audit in CI for vulnerability scanning,Add packages without security review,dart pub audit // outputs known vulnerabilities in dependencies,// No security audit of dependencies,High,Published packages may have security vulnerabilities; regular auditing prevents using vulnerable code,https://dart.dev/tools/pub/cmd/pub-audit
162,Packages,Minimal,Minimize dependencies,Reduce maintenance burden,Add packages only when value justifies maintenance cost,Add package for every small utility,// Use built-in dart:math instead of math package,import 'package:math/math.dart'; // unnecessary package for basic math,Medium,Each dependency is a potential security/maintenance risk; prefer built-in solutions for small tasks,https://dart.dev/guides/libraries
163,Packages,Override,Use dependency_overrides cautiously,Conflict resolution,dependency_overrides only for temporary conflict resolution with plan to remove,dependency_overrides as permanent solution,dependency_overrides: some_package: ^2.0.0 # TODO: remove when package_x updates,dependency_overrides: # permanent overrides without tracking,High,dependency_overrides can mask version conflicts causing subtle runtime issues,https://dart.dev/tools/pub/dependencies#dependency-overrides
164,Dart Fundamentals,Patterns,Use pattern matching for exhaustive checks,Compile-time safety,switch expressions with sealed classes for exhaustive matching,if/else chains for type checks,final message = switch (result) { Success(:final data) => 'Got: $data', Failure(:final error) => 'Error: $error', };,if (result is Success) { 'Got: ${result.data}'; } else if (result is Failure) { 'Error: ${result.error}'; },High,Switch on sealed classes is exhaustive (compiler error if case missing); if/else can silently miss cases,https://dart.dev/language/patterns
165,Dart Fundamentals,Mixins,Use mixins for cross-cutting behavior,Code reuse without inheritance,mixin for behaviors shared across unrelated classes,Multiple inheritance or utility base classes,mixin LoggableMixin { void log(String msg) => debugPrint('[$runtimeType] $msg'); } class UserRepository with LoggableMixin { ... },class UserRepository extends BaseRepository { // inherits logging from base,Medium,Mixins provide reusable behavior without inheritance hierarchy constraints,https://dart.dev/language/mixins
166,Widgets,Builder,Use Builder to get inner context,Context scope management,Builder widget when you need context below a provided ancestor,Use context from parent scope,Scaffold(body: Builder(builder: (innerCtx) => ElevatedButton(onPressed: () => Scaffold.of(innerCtx).openDrawer(), child: Text('Menu')))),Scaffold(body: ElevatedButton(onPressed: () => Scaffold.of(context).openDrawer(), child: Text('Menu'))) // context out of scope,High,context from parent scope may not have Scaffold ancestor; Builder provides new context below Scaffold,https://api.flutter.dev/flutter/widgets/Builder-class.html
167,Widgets,InheritedWidget,Prefer Provider/Riverpod over InheritedWidget,State propagation,Use Provider or Riverpod for data propagation,Build custom InheritedWidget for sharing state,ChangeNotifierProvider<UserModel>(create: (_) => UserModel(), child: App()),class UserModel extends InheritedWidget { /* 50 lines of boilerplate */ },Medium,InheritedWidget requires significant boilerplate; Provider and Riverpod wrap it with a better API,https://api.flutter.dev/flutter/widgets/InheritedWidget-class.html
168,State Management,Hydration,Persist state across app restarts,State persistence,hydrated_bloc or Riverpod with SharedPreferences for state hydration,Re-fetch all data on every app launch,class SettingsCubit extends HydratedCubit<SettingsState> { @override SettingsState? fromJson(Map<String, dynamic> json) => SettingsState.fromJson(json); @override Map<String, dynamic>? toJson(SettingsState state) => state.toJson(); },// Re-fetches user settings from API on every launch,Medium,Hydrated state improves app startup experience by restoring last known state,https://pub.dev/packages/hydrated_bloc
169,Architecture,Events,Use domain events for decoupling,Loose coupling between features,Event bus or stream for cross-feature communication,Direct method calls between unrelated features,// EventBus: eventBus.fire(UserLoggedInEvent(userId)); // In other feature: eventBus.on<UserLoggedInEvent>().listen((event) => ...) ;,// Feature A directly calls Feature B's BLoC: cartBloc.add(ClearCartEvent()); // in auth feature,Medium,Direct coupling between features prevents independent development; events decouple producers and consumers,https://pub.dev/packages/event_bus
170,Navigation,Guards,Implement route guards,Protected route navigation,GoRouter redirect for authentication and permission guards,Push to routes without checking auth state,GoRouter(redirect: (ctx, state) { final isLoggedIn = ref.read(authProvider).isLoggedIn; if (!isLoggedIn && !state.matchedLocation.startsWith('/auth')) return '/auth/login'; return null; }),// Navigate to /home without checking if user is logged in,Critical,Without route guards unauthenticated users access protected routes causing security issues,https://pub.dev/packages/go_router#redirect
171,API & Networking,Offline,Implement offline-first strategy,Resilience to network loss,Cache responses locally; show cached data when offline,Show error when network unavailable,// Repository: Future<List<Post>> getPosts() async { final cached = await _db.getPosts(); if (_connectivity.isOnline) { final fresh = await _api.getPosts(); await _db.savePosts(fresh); return fresh; } return cached; },Future<List<Post>> getPosts() => _api.getPosts(); // fails if offline,High,Mobile users frequently go offline; offline-first provides usable app without connectivity,https://docs.flutter.dev/data-and-backend/networking#offline-support
172,Local Storage,Migration,Handle database migrations,Schema evolution,Hive migration via Hive.deleteBoxFromDisk + re-create or sqflite onUpgrade,Ignore schema changes breaking existing installations,class DatabaseHelper { Future<Database> _initDb() async => openDatabase(path, version: 3, onUpgrade: (db, oldVersion, newVersion) { if (oldVersion < 2) db.execute('ALTER TABLE users ADD COLUMN avatar TEXT'); if (oldVersion < 3) db.execute('CREATE TABLE orders (...)'); }); },// Change DB schema without migration; crashes on existing installs,Critical,Without migrations existing users lose data or face crashes when installing app updates,https://pub.dev/packages/sqflite#database-migrations
173,Performance,Frame Budget,Target 60fps / 16ms per frame,Smooth animation,Profile and optimize hot paths to stay within 16ms frame budget,Assume app is 60fps without measuring,// Use DevTools timeline to check frame build time // Target: <8ms build + <8ms paint per frame,// Ship without profiling; user reports jank,High,Frames exceeding 16ms are dropped causing visible jank; UI rendering must stay in frame budget,https://docs.flutter.dev/perf/rendering-performance
174,Testing,Fakes,Prefer fakes over mocks for complex dependencies,Realistic test doubles,Create fake implementations for complex interfaces,Stub every method call with when().thenReturn(),class FakeUserRepository implements UserRepository { final _users = <String, User>{}; @override Future<Result<User>> getUser(String id) async => _users.containsKey(id) ? Result.success(_users[id]!) : Result.failure('Not found'); },when(mockRepo.getUser(any)).thenReturn(null); // stub everything,Medium,Fakes implement real interface behavior making tests more realistic; mocks with many stubs are brittle,https://dart.dev/guides/testing#test-doubles
175,Code Quality,PR Size,Keep PRs small and focused,Reviewability,Max 400 lines changed per PR; split large features into incremental PRs,1000+ line PRs with multiple unrelated changes,// One PR per feature/fix // Use feature flags for large features that need gradual rollout,// Single PR: adds new feature + refactors + fixes bugs,Medium,Large PRs are harder to review thoroughly; small PRs get faster reviews and fewer bugs,https://google.github.io/eng-practices/review/developer/small-cls.html
176,Accessibility,Localization,Support RTL layouts,International accessibility,Directionality-aware widgets; test with RTL locales,Hardcode left/right alignment,Align(alignment: AlignmentDirectional.centerStart), // not: Align(alignment: Alignment.centerLeft),Align(alignment: Alignment.centerLeft) // breaks in RTL languages,High,Arabic Hebrew and other RTL languages require mirrored layouts; hardcoded left/right breaks them,https://docs.flutter.dev/ui/accessibility-and-localization/internationalization
177,Platform,Desktop,Test on all target platforms,Cross-platform quality,Run and test on Windows/macOS/Linux if targeting desktop,Only test on mobile for multiplatform app,flutter test integration_test/ -d macos flutter test integration_test/ -d windows,// Only test on iOS and Android,Medium,Desktop platforms have different input (mouse/keyboard) and window sizing requirements,https://docs.flutter.dev/platform-integration/desktop
178,CI/CD,Quality Gate,Block merge on failing tests,Quality enforcement,Require CI pass before merge via branch protection rules,Allow merging with failing CI,// GitHub: Settings > Branches > Require status checks to pass before merging // Required: flutter analyze, flutter test,// Merge PRs manually despite failing CI,Critical,Failing tests in main branch block all developers; branch protection prevents broken code from landing,https://docs.github.com/en/repositories/configuring-branches-and-merges-in-your-repository/defining-the-mergeability-of-pull-requests/about-protected-branches
179,Architecture,Immutability,Use freezed for immutable data classes,Boilerplate-free immutable models,freezed package for value objects and union types,Mutable data classes or manual copyWith/==,@freezed class User with _$User { const factory User({ required String id, required String name, String? avatar, }) = _User; factory User.fromJson(Map<String, dynamic> json) => _$UserFromJson(json); },class User { String id; String name; // mutable, no equals/hashCode,High,Immutable data classes prevent accidental mutation; freezed generates copyWith/==/hashCode/fromJson,https://pub.dev/packages/freezed
180,State Management,Offline,Handle optimistic updates,Responsive UX,Update UI immediately and rollback on failure,Wait for API response before updating UI,// 1. Update local state immediately // 2. Send API call // 3. On failure: revert and show error void likePost(String id) { ref.read(postsProvider.notifier).locallyLike(id); // immediate try { await _api.likePost(id); } catch (e) { ref.read(postsProvider.notifier).revertLike(id); // rollback showError(); } },// Wait for API: await _api.likePost(id); setState(() => post.liked = true); // laggy,Medium,Optimistic updates make apps feel instantaneous; rollback handles the rare failure case,https://docs.flutter.dev/data-and-backend/state-mgmt/ephemeral-vs-app
181,Theming,Spacing,Use consistent spacing tokens,Design consistency,Define spacing scale as constants and use throughout,Random pixel values for spacing,abstract class AppSpacing { static const double xs = 4.0; static const double sm = 8.0; static const double md = 16.0; static const double lg = 24.0; static const double xl = 32.0; },SizedBox(height: 17), SizedBox(height: 23) // inconsistent,Medium,Consistent spacing creates visual rhythm; random values produce inconsistent designs,https://m3.material.io/foundations/layout/understanding-layout/spacing
182,Theming,Elevation,Use Material 3 elevation tones,Modern shadow/elevation,ColorScheme surface tones for elevation instead of shadows,hardcoded box shadows for elevation,Card(elevation: 4) // Material 3 uses color tones for elevation,BoxDecoration(boxShadow: [BoxShadow(blurRadius: 8)]) // manual shadow,Low,Material 3 uses color tones not shadows for elevation; mixing approaches is inconsistent,https://m3.material.io/styles/elevation/overview
183,Testing,Riverpod,Use ProviderContainer for Riverpod unit tests,Isolated provider testing,ProviderContainer with overrides for testing Riverpod providers,Test through widget tree for provider logic,test('users loads correctly', () async { final container = ProviderContainer(overrides: [userRepositoryProvider.overrideWith((_) => FakeUserRepository())]); addTearDown(container.dispose); final state = await container.read(usersProvider.future); expect(state, hasLength(3)); });,testWidgets('test provider', (tester) async { await tester.pumpWidget(ProviderScope(overrides: [...], child: App())); });// overkill for unit test,High,ProviderContainer tests providers without building widgets; faster and more focused than widget tests,https://riverpod.dev/docs/essentials/testing
184,Navigation,Transitions,Customize page transitions,Branded navigation feel,CustomTransitionPage in GoRouter for branded transitions,Default platform transitions for all routes,GoRoute(path: '/details', pageBuilder: (ctx, state) => CustomTransitionPage(child: DetailsPage(), transitionsBuilder: (ctx, animation, secondaryAnimation, child) => FadeTransition(opacity: animation, child: child))),GoRoute(path: '/details', builder: (ctx, state) => DetailsPage()),Low,Custom transitions differentiate the app; default slide transitions are generic,https://pub.dev/packages/go_router#custom-transitions
185,Widgets,Sliver,Use SliverAppBar for collapsing headers,Scroll-integrated app bar,SliverAppBar with CustomScrollView for collapsing/expanding behavior,AppBar that doesn't integrate with scroll,CustomScrollView(slivers: [SliverAppBar(expandedHeight: 200, flexibleSpace: FlexibleSpaceBar(background: HeaderImage()), pinned: true), SliverList(...)]),Scaffold(appBar: AppBar(), body: ListView(...)) // AppBar doesn't collapse,Low,SliverAppBar creates smooth collapse effect driven by scroll position,https://api.flutter.dev/flutter/material/SliverAppBar-class.html
186,Dart Fundamentals,Generators,Use generators for lazy sequences,Memory-efficient iteration,sync* and async* generators for lazy sequences,Build complete lists before iteration,Iterable<int> fibonacci() sync* { var a = 0, b = 1; while (true) { yield a; final next = a + b; a = b; b = next; } },List<int> fibonacci(int n) { final list = [0, 1]; for (var i = 2; i < n; i++) list.add(list[i-1] + list[i-2]); return list; // builds entire list,Low,sync*/async* generators produce values lazily on demand without allocating full collections,https://dart.dev/guides/language/language-tour#generators
187,Forms & Validation,Debounce,Debounce text field search input,Performance optimization,Debounce search queries to avoid API calls on every keystroke,API call on every keystroke,Timer? _debounce; void _onSearchChanged(String query) { _debounce?.cancel(); _debounce = Timer(Duration(milliseconds: 500), () => _search(query)); } @override void dispose() { _debounce?.cancel(); super.dispose(); },TextField(onChanged: (q) => _api.search(q)) // API call on every character,High,Debouncing reduces API calls by 10x+ for search; every-keystroke calls cause lag and server load,https://api.flutter.dev/flutter/dart-async/Timer-class.html
188,Performance,Memory,Monitor memory with DevTools,Memory leak detection,Flutter DevTools memory tab to track allocations and leaks,Ignore memory usage,// flutter run --observatory-port=9200 // Open DevTools > Memory tab // Look for: growing allocation with no GC,// Ship without memory profiling,High,Memory leaks cause app crashes on long sessions; DevTools identifies leak sources,https://docs.flutter.dev/tools/devtools/memory
189,Code Quality,Assets,Organize assets with gen_l10n or flutter_gen,Type-safe asset references,flutter_gen for type-safe asset references,String literal paths for assets,Assets.images.logo.image(), Assets.icons.home.svg(),Image.asset('assets/images/logo.png') // typos not caught,Medium,Type-safe asset references catch typos at compile time; string literals only fail at runtime,https://pub.dev/packages/flutter_gen
190,Accessibility,Animation,Respect reduced motion preference,Motion accessibility,Check MediaQuery.disableAnimations before playing animations,Play all animations regardless of system preference,final disableAnimations = MediaQuery.of(context).disableAnimations; if (!disableAnimations) { _controller.forward(); },_controller.forward(); // always plays,Medium,Users with vestibular disorders experience nausea from motion; reduced motion must be respected,https://api.flutter.dev/flutter/widgets/MediaQueryData/disableAnimations.html
191,Testing,Pump,Use pumpAndSettle for async widget tests,Await all animations and async ops,tester.pumpAndSettle() after triggering async actions,tester.pump() for async operations,await tester.tap(find.byType(ElevatedButton)); await tester.pumpAndSettle(); expect(find.text('Success'), findsOneWidget);,await tester.tap(find.byType(ElevatedButton)); await tester.pump(); expect(find.text('Success'), findsOneWidget); // may not have settled,High,pump() advances by one frame; pumpAndSettle() waits for all frames to complete,https://api.flutter.dev/flutter/flutter_test/WidgetTester/pumpAndSettle.html
192,Architecture,Monorepo,Use Melos for monorepo management,Multi-package management,Melos for workspaces with multiple Flutter/Dart packages,Single pubspec.yaml for entire monorepo,# melos.yaml workspace: packages: - packages/** scripts: analyze: run: melos exec -- flutter analyze test: run: melos exec -- flutter test,// Single pubspec.yaml with all packages; no isolation,Medium,Melos enables independent package versioning, cross-package scripts, and dependency management,https://melos.invertase.dev/
193,Dart Fundamentals,Enums,Use enhanced enums with methods,Rich enum behavior,Enhanced enums with getters and methods for related behavior,Switch statements on int/String values,enum AppRoute { home, profile, settings; String get path => switch (this) { AppRoute.home => '/', AppRoute.profile => '/profile', AppRoute.settings => '/settings', }; },const paths = {0: '/', 1: '/profile', 2: '/settings'};,Medium,Enhanced enums encapsulate related values and behavior; separate maps/switches can get out of sync,https://dart.dev/language/enums
194,State Management,Context,Use context.read for one-shot reads,Riverpod/Provider access pattern,context.read for event handlers; context.watch/ref.watch for reactive UI,context.watch in callbacks (unneeded rebuild registration),ElevatedButton(onPressed: () => context.read<CartBloc>().add(Checkout())),ElevatedButton(onPressed: () => context.watch<CartBloc>().add(Checkout())) // registers unneeded listener,Medium,context.watch registers rebuild listener; using it in callbacks registers a listener that never triggers useful rebuild,https://pub.dev/packages/provider#reading-a-value
195,Widgets,Shimmer,Use shimmer loading placeholders,Perceived performance,Shimmer loading skeleton while data loads,Spinner for all loading states,// shimmer package: Shimmer.fromColors(baseColor: Colors.grey[300]!, highlightColor: Colors.grey[100]!, child: SkeletonCard()),CircularProgressIndicator() // for content that has a known shape,Low,Shimmer shows approximate content shape reducing perceived load time vs generic spinner,https://pub.dev/packages/shimmer
196,Navigation,Analytics,Log screen views for analytics,App usage tracking,GoRouter observer for automatic screen view logging,Manual logging in each screen's initState,class AnalyticsObserver extends NavigatorObserver { @override void didPush(Route route, Route? previousRoute) { analytics.logScreenView(screenName: route.settings.name); } },// In each screen: @override void initState() { super.initState(); analytics.logScreen('home'); },Medium,Central router observer logs all screen views automatically; manual initState logging is forgotten,https://pub.dev/packages/go_router#observers
197,Code Quality,Environment,Never commit sensitive config,Security,Use .env files with flutter_dotenv or CI secrets for API keys,Hardcode API keys in source code,// .env (gitignored): API_KEY=secret // In code: dotenv.env['API_KEY'],const apiKey = 'sk-1234secretkey'; // exposed in repo,Critical,API keys in source code are exposed publicly; use environment variables or CI secrets,https://pub.dev/packages/flutter_dotenv
198,Testing,Accessibility,Run accessibility widget tests,Automated accessibility checking,tester.ensureSemantics() and check semantic labels in widget tests,No accessibility testing,testWidgets('submit button has accessibility label', (tester) async { final SemanticsHandle handle = tester.ensureSemantics(); await tester.pumpWidget(App()); expect(tester.getSemantics(find.byKey(Key('submitBtn'))).label, 'Submit order'); handle.dispose(); });,// No semantics testing,High,Automated accessibility testing catches missing labels before manual review or user complaints,https://api.flutter.dev/flutter/flutter_test/WidgetTester/ensureSemantics.html
199,Platform,Biometrics,Use local_auth for biometric authentication,Secure authentication,local_auth package for fingerprint/face authentication,Implement biometrics with platform channels from scratch,"final auth = LocalAuthentication(); final authenticated = await auth.authenticate(localizedReason: 'Verify identity', options: AuthenticationOptions(biometricOnly: true));",// Platform channel implementation of biometrics from scratch,Medium,local_auth provides cross-platform biometric auth with minimal code; platform channels are complex,https://pub.dev/packages/local_auth
200,Architecture,Caching,Implement cache invalidation strategy,Data freshness,Define TTL and stale-while-revalidate patterns for caches,Serve stale cache forever or never cache,class CacheEntry<T> { final T data; final DateTime createdAt; bool get isExpired => DateTime.now().difference(createdAt) > Duration(minutes: 5); },// No cache expiry; users see stale data forever // OR: No cache; always re-fetches,High,Stale data misleads users; aggressive re-fetching wastes bandwidth; TTL balances freshness vs performance,https://web.dev/stale-while-revalidate/
201,Dart Fundamentals,Extension Types,Use extension types for type-safe wrappers,Zero-cost type safety,extension type UserId(String id) {} for domain primitive types,Plain String/int for domain IDs,extension type UserId(String value) implements String {} extension type OrderId(String value) implements String {} Future<Order> getOrder(OrderId id); // type-safe,Future<Order> getOrder(String id); // easy to mix up IDs,Medium,Extension types (Dart 3.3+) provide type safety with zero runtime cost; prevent mixing up ID types,https://dart.dev/language/extension-types
202,CI/CD,Preview,Deploy preview builds per PR,PR review with real app,Deploy to Firebase App Distribution or TestFlight per PR,Review code only without running the app,# In CI: firebase appdistribution:distribute app-release.apk --app $FIREBASE_APP_ID --release-notes "PR #$PR_NUMBER" --groups reviewers,// Send APK manually via email for each review,Medium,Preview builds let reviewers test the actual app experience not just read code,https://firebase.google.com/docs/app-distribution
203,Performance,Shader,Warm up shader compilation,Eliminate first-run jank,WidgetsFlutterBinding.ensureInitialized then preload shaders,Ignore shader compilation jank,"void main() async { WidgetsFlutterBinding.ensureInitialized(); await warmupJank(); runApp(App()); }",void main() => runApp(App()); // no shader warmup,Medium,First-run shader compilation causes jank; warmup compiles shaders before first frame,https://docs.flutter.dev/perf/shader
204,Accessibility,I18n,Support internationalization from day one,Global readiness,arb files with gen_l10n for all user-facing strings,Hardcode English strings throughout app,"// l10n/app_en.arb: {""submit"": ""Submit"", ""cancel"": ""Cancel""} // Usage: Text(AppLocalizations.of(context)!.submit)",Text('Submit') // hardcoded English,High,Adding i18n later requires touching every string; building in from start is much cheaper,https://docs.flutter.dev/ui/accessibility-and-localization/internationalization
205,Code Quality,Architecture,Enforce architecture rules with lints,Automated architecture compliance,custom_lint or architecture_test to enforce layer dependencies,Manual code review for architecture violations,// architecture_test: test('domain does not import flutter', () { final domain = PackageLayer('lib/domain'); final flutter = PackageLayer('package:flutter'); expect(domain, doesNotDependOn(flutter)); });,// Manual check during code review; frequently missed,High,Automated architecture tests prevent accidental cross-layer imports that are hard to remove later,https://pub.dev/packages/architecture_test
